{
  "Porto Alegre": [
    -30.0324999,
    -51.2303767
  ],
  "S\u00e3o Paulo": [
    -23.5506507,
    -46.6333824
  ],
  "Curitiba": [
    -25.4295963,
    -49.2712724
  ],
  "Rio de Janeiro": [
    -22.9110137,
    -43.2093727
  ],
  "Belo Horizonte": [
    -19.9227318,
    -43.9450948
  ],
  "ACATE, Rodovia SC-401 600, Florian\u00f3polis": [
    -27.544562,
    -48.4999697
  ]
}